prompt,temp,seq_len,gen_time,timestamp,ED_mean,ED_std,model,model_size,domain,rank,chkpt_id
"code: Explain what this code does:
def function_92(x): return x * 2",1.3,128,1773650100.0534263,2026-03-16T09:35:00.053430,0.41095077991485596,0.18449820578098297,mamba2-2.7b,2700000000,code,0,0
fiction: Which celestial object listed below has the greatest density? (Answer: D),1.3,128,1773650105.9844823,2026-03-16T09:35:05.984484,0.4131658375263214,0.16459858417510986,mamba2-2.7b,2700000000,fiction,1,0
"wiki: Generally prohibited in the West at large, school corporal punishment is not unusual in Alabama, with 27,260 public school students paddled at least one time, according to government data for the 2011–2012 school year.",1.3,128,1773650111.9292686,2026-03-16T09:35:11.929270,0.4999639391899109,0.17818990349769592,mamba2-2.7b,2700000000,wiki,2,0
"news: SEE: Virtual and augmented reality policy (Tech Pro Research) The XR1 features an ARM-based multi-core CPU, a vector processor, a GPU, and a dedicated AI engine for on-board processing.",1.3,128,1773650117.866837,2026-03-16T09:35:17.866839,0.5156311392784119,0.19143278896808624,mamba2-2.7b,2700000000,news,3,0
"wiki: Jordan-Hare Stadium is the home field of the Auburn football team and seats up to 87,451.",1.3,128,1773650123.8069737,2026-03-16T09:35:23.806975,0.45992738008499146,0.1876097321510315,mamba2-2.7b,2700000000,wiki,4,0
"wiki: The Goodyear Tire and Rubber Company operates a large plant in Gadsden which employs about 1,400 people.",1.3,128,1773650129.7461808,2026-03-16T09:35:29.746182,0.39733538031578064,0.1573396772146225,mamba2-2.7b,2700000000,wiki,5,0
"wiki: In Latin America, Argentina was a stronghold for anarcho-syndicalism, where it became the most prominent left-wing ideology.",0.7,128,1773650135.6955154,2026-03-16T09:35:35.695517,0.7742984890937805,0.16624104976654053,mamba2-2.7b,2700000000,wiki,6,0
"wiki: Ritualistic behavior: Unvarying pattern of daily activities, such as an unchanging menu or a dressing ritual.",0.7,63,1773650138.6187022,2026-03-16T09:35:38.618703,0.8172357678413391,0.17352060973644257,mamba2-2.7b,2700000000,wiki,7,0
"wiki: Anarchists were treated similarly in the Second International, being ultimately expelled in 1896.",1.0,128,1773650144.5544188,2026-03-16T09:35:44.554420,0.7463866472244263,0.13487835228443146,mamba2-2.7b,2700000000,wiki,8,0
"news: 34 total views, 34 views today Share Us",1.0,128,1773650150.515136,2026-03-16T09:35:50.515137,0.7259761691093445,0.17184095084667206,mamba2-2.7b,2700000000,news,9,0
"wiki: The Alabama Fever land rush was underway when the state was admitted to the Union, with settlers and land speculators pouring into the state to take advantage of fertile land suitable for cotton cultivation.",0.7,128,1773650156.4342659,2026-03-16T09:35:56.434267,0.7997584342956543,0.15104839205741882,mamba2-2.7b,2700000000,wiki,10,0
fiction: How long does it take for Earth to rotate on its axis seven times? (Answer: B),1.0,128,1773650162.3501346,2026-03-16T09:36:02.350136,0.7434288263320923,0.1860111802816391,mamba2-2.7b,2700000000,fiction,11,0
fiction: A student accidentally drops a test tube that breaks when it hits the floor. Which method is the best way to retrieve the broken glass? (Answer: C),0.7,128,1773650168.260218,2026-03-16T09:36:08.260220,0.8318636417388916,0.16443710029125214,mamba2-2.7b,2700000000,fiction,12,0
fiction: Which of these would most likely improve the air quality in large Texas cities? (Answer: A),1.0,128,1773650174.1557026,2026-03-16T09:36:14.155704,0.6818059682846069,0.15335345268249512,mamba2-2.7b,2700000000,fiction,13,0
"code: Explain what this code does:
def function_86(x): return x * 2",0.7,128,1773650180.0376449,2026-03-16T09:36:20.037647,0.9454793930053711,0.07660751044750214,mamba2-2.7b,2700000000,code,14,0
wiki: How autism occurs is not well understood.,1.0,128,1773650185.9175673,2026-03-16T09:36:25.917569,0.7392023801803589,0.13975133001804352,mamba2-2.7b,2700000000,wiki,15,0
fiction: A company is designing a new laptop computer. The computer must not exceed a certain weight. Which of the following is the most likely reason to have a weight restriction for the computer? (Answer: C),0.7,128,1773650191.8126812,2026-03-16T09:36:31.812683,0.805067777633667,0.1608152836561203,mamba2-2.7b,2700000000,fiction,16,0
fiction: Puddles on a sidewalk are evaporating quickly. What most likely causes the puddles to evaporate? (Answer: A),1.3,128,1773650197.701001,2026-03-16T09:36:37.701003,0.43756425380706787,0.1560080349445343,mamba2-2.7b,2700000000,fiction,17,0
news: The company is one of dozens of others honoring Robbins this year; last week we covered Cincinnati Ballet and New York Theatre Ballet.,0.7,128,1773650203.582677,2026-03-16T09:36:43.582679,0.7609715461730957,0.16230878233909607,mamba2-2.7b,2700000000,news,18,0
"wiki: Nonetheless, his ideas formed the inspiration for a series of modern schools around the world.",0.7,67,1773650206.6447036,2026-03-16T09:36:46.644706,0.7065962553024292,0.1553325355052948,mamba2-2.7b,2700000000,wiki,19,0
wiki: Parents often notice signs during the first three years of their child's life.,0.7,128,1773650212.6778119,2026-03-16T09:36:52.677814,0.7834181785583496,0.1261143833398819,mamba2-2.7b,2700000000,wiki,20,1
news: Subscribe Also see,1.3,128,1773650218.5870888,2026-03-16T09:36:58.587090,0.315969854593277,0.16436532139778137,mamba2-2.7b,2700000000,news,21,1
wiki: Automakers accounted for approximately a third of the industrial expansion in the state in 2012.,0.7,128,1773650224.5010548,2026-03-16T09:37:04.501056,0.7445051670074463,0.13976962864398956,mamba2-2.7b,2700000000,wiki,22,1
"wiki: About three-fifths of the land area is part of the Gulf Coastal Plain, a gentle plain with a general descent towards the Mississippi River and the Gulf of Mexico.",0.7,128,1773650230.4125729,2026-03-16T09:37:10.412574,0.7968320250511169,0.14530029892921448,mamba2-2.7b,2700000000,wiki,23,1
"wiki: Jackson, Harvey H. Inside Alabama: A Personal History of My State (2004).",1.0,40,1773650232.2419963,2026-03-16T09:37:12.241998,0.6840664744377136,0.17293618619441986,mamba2-2.7b,2700000000,wiki,24,1
"news: Additionally, compliance and security whitepapers will also help prepare would-be test takers.",0.7,128,1773650238.1448138,2026-03-16T09:37:18.144815,0.7255509495735168,0.13974003493785858,mamba2-2.7b,2700000000,news,25,1
"code: Explain what this code does:
def function_50(x): return x * 2",1.3,128,1773650244.0649161,2026-03-16T09:37:24.064918,0.3836168944835663,0.19508761167526245,mamba2-2.7b,2700000000,code,26,1
"news: ""It's not just a few ballet steps here and there; he asks you to fully engage with yourself, not only as a dancer but as an actor and a person.""",1.0,128,1773650249.9784226,2026-03-16T09:37:29.978424,0.7470357418060303,0.14748261868953705,mamba2-2.7b,2700000000,news,27,1
"code: Explain what this code does:
def function_80(x): return x * 2",1.0,128,1773650255.880048,2026-03-16T09:37:35.880049,0.7893563508987427,0.13227853178977966,mamba2-2.7b,2700000000,code,28,1
news: A Typical Day Students begin their days with an early 8 am technique class.,1.3,128,1773650261.7774742,2026-03-16T09:37:41.777476,0.6064953804016113,0.2108955830335617,mamba2-2.7b,2700000000,news,29,1
"code: Explain what this code does:
def function_95(x): return x * 2",0.7,65,1773650264.760118,2026-03-16T09:37:44.760119,0.8143637180328369,0.11136971414089203,mamba2-2.7b,2700000000,code,30,1
"wiki: With the rise of organised hierarchical bodies, scepticism toward authority also rose.",0.7,128,1773650270.658598,2026-03-16T09:37:50.658599,0.7256848812103271,0.1449812650680542,mamba2-2.7b,2700000000,wiki,31,1
news: I was unable to login with that user.,0.7,97,1773650275.1296606,2026-03-16T09:37:55.129662,0.7293056845664978,0.1138915866613388,mamba2-2.7b,2700000000,news,32,1
"wiki: Acquiring language before age six, having an IQ above 50, and having a marketable skill all predict better outcomes; independent living is unlikely with severe autism.",1.3,128,1773650281.0170789,2026-03-16T09:38:01.017082,0.4009035527706146,0.17899294197559357,mamba2-2.7b,2700000000,wiki,33,1
"wiki: Services should be carried out by behavior analysts, special education teachers, speech pathologists, and licensed psychologists.",1.0,128,1773650286.8933506,2026-03-16T09:38:06.893352,0.7593127489089966,0.15165476500988007,mamba2-2.7b,2700000000,wiki,34,1
"wiki: Contemporary-era anarchists have been engaging with various grassroots movements that are more or less based on horizontalism, although not explicitly anarchist, respecting personal autonomy and participating in mass activism such as strikes and demonstrations.",1.0,128,1773650292.773215,2026-03-16T09:38:12.773217,0.7264388799667358,0.1512000858783722,mamba2-2.7b,2700000000,wiki,35,1
wiki: No single treatment is best and treatment is typically tailored to the child's needs.,1.0,128,1773650298.6522677,2026-03-16T09:38:18.652269,0.6968774795532227,0.1649155467748642,mamba2-2.7b,2700000000,wiki,36,1
"news: Stage Time Performance is the most important aspect of BDA students' professional development, with annual productions featuring classical ballets, contemporary works and student choreography.",0.7,128,1773650304.5281565,2026-03-16T09:38:24.528158,0.7540879249572754,0.17361992597579956,mamba2-2.7b,2700000000,news,37,1
"wiki: Jackson, Harvey H. Inside Alabama: A Personal History of My State (2004).",1.3,128,1773650310.422763,2026-03-16T09:38:30.422765,0.491968035697937,0.1999707669019699,mamba2-2.7b,2700000000,wiki,38,1
"wiki: Muslims have been increasing in Alabama, with 31 mosques built by 2011, many by African-American converts.",1.0,128,1773650316.3219435,2026-03-16T09:38:36.321945,0.7443077564239502,0.16277530789375305,mamba2-2.7b,2700000000,wiki,39,1
wiki: Anarchism pays significant attention to moral arguments since ethics have a central role in anarchist philosophy.,1.0,128,1773650322.293439,2026-03-16T09:38:42.293441,0.7597665786743164,0.1381533145904541,mamba2-2.7b,2700000000,wiki,40,2
fiction: Trees most likely change the environment in which they are located by (Answer: D),1.0,128,1773650328.1771166,2026-03-16T09:38:48.177118,0.7567835450172424,0.1670507788658142,mamba2-2.7b,2700000000,fiction,41,2
"fiction: Some animals are very rare. For example, there are very few Siberian tigers. If the only Siberian tigers left are female, what will most likely happen? (Answer: D)",0.7,118,1773650333.6068401,2026-03-16T09:38:53.606842,0.8228318095207214,0.15292884409427643,mamba2-2.7b,2700000000,fiction,42,2
"wiki: It has been established that vaccination is not a risk factor for autism and is not behind any increase in autism prevalence rates, if any change in the rate of autism exists at all.",0.7,128,1773650339.4724,2026-03-16T09:38:59.472402,0.7717469334602356,0.15109024941921234,mamba2-2.7b,2700000000,wiki,43,2
wiki: Two common optical albedos that are used in astronomy are the (V-band) geometric albedo (measuring brightness when illumination comes from directly behind the observer) and the Bond albedo (measuring total proportion of electromagnetic energy reflected).,0.7,128,1773650345.3744109,2026-03-16T09:39:05.374412,0.823636531829834,0.1347755789756775,mamba2-2.7b,2700000000,wiki,44,2
wiki: Alabama ranks ninth in the number of deaths from lightning and tenth in the number of deaths from lightning strikes per capita.,0.7,128,1773650351.2736607,2026-03-16T09:39:11.273662,0.8312535285949707,0.13429571688175201,mamba2-2.7b,2700000000,wiki,45,2
"news: It's an invaluable quality for a person to have, whether they continue to dance or end up doing other things.",1.3,128,1773650357.1614983,2026-03-16T09:39:17.161500,0.5299534797668457,0.2156703621149063,mamba2-2.7b,2700000000,news,46,2
"wiki: Societal and cultural aspects of autism have developed: some in the community seek a cure, while others believe that autism is simply another way of being.",1.0,128,1773650363.0491998,2026-03-16T09:39:23.049202,0.7597929239273071,0.14841049909591675,mamba2-2.7b,2700000000,wiki,47,2
"code: Explain what this code does:
def function_91(x): return x * 2",0.7,128,1773650368.9138045,2026-03-16T09:39:28.913806,0.8942002058029175,0.12252004444599152,mamba2-2.7b,2700000000,code,48,2
"wiki: There was also a cursive style used for everyday or utilitarian writing, which was done on more perishable surfaces.",1.3,128,1773650374.7877796,2026-03-16T09:39:34.787781,0.5240159034729004,0.15948855876922607,mamba2-2.7b,2700000000,wiki,49,2
"news: For example, one online retailer Rickard works with has many customers from the EU, but can't geolocate them from the website.",1.3,71,1773650378.0418682,2026-03-16T09:39:38.041870,0.59955233335495,0.15679065883159637,mamba2-2.7b,2700000000,news,50,2
fiction: An old T-shirt can be ripped into smaller pieces and used as rags. An empty milk jug can be used to water houseplants. Both of these are examples of how (Answer: D),1.3,128,1773650383.908636,2026-03-16T09:39:43.908638,0.4188908040523529,0.18482601642608643,mamba2-2.7b,2700000000,fiction,51,2
wiki: Rural workers poured into the largest cities in the state for better jobs and a higher standard of living.,0.7,128,1773650389.7974694,2026-03-16T09:39:49.797471,0.8067061305046082,0.1658996045589447,mamba2-2.7b,2700000000,wiki,52,2
wiki: Alabama is one of the few places in the world that has a secondary tornado season in November and December besides the typically severe spring.,1.0,128,1773650395.683792,2026-03-16T09:39:55.683794,0.7431914210319519,0.1382303237915039,mamba2-2.7b,2700000000,wiki,53,2
"code: Explain what this code does:
def function_17(x): return x * 2",0.7,128,1773650401.5727298,2026-03-16T09:40:01.572733,0.7847095131874084,0.10721476376056671,mamba2-2.7b,2700000000,code,54,2
"code: Explain what this code does:
def function_90(x): return x * 2",1.0,117,1773650406.9336796,2026-03-16T09:40:06.933681,0.761315643787384,0.11186347156763077,mamba2-2.7b,2700000000,code,55,2
"wiki: What is now the counties of Baldwin and Mobile became part of Spanish West Florida in 1783, part of the independent Republic of West Florida in 1810, and was finally added to the Mississippi Territory in 1812.",0.7,128,1773650412.8094358,2026-03-16T09:40:12.809438,0.7914523482322693,0.13040031492710114,mamba2-2.7b,2700000000,wiki,56,2
wiki: This coincided with its failure to gain traction in Northern Europe and its unprecedented height in Latin America.,0.7,128,1773650418.68165,2026-03-16T09:40:18.681652,0.7209069132804871,0.1693553626537323,mamba2-2.7b,2700000000,wiki,57,2
"code: Explain what this code does:
def function_67(x): return x * 2",0.7,26,1773650419.8611603,2026-03-16T09:40:19.861162,0.7653782367706299,0.12160240113735199,mamba2-2.7b,2700000000,code,58,2
"wiki: However, there are no correspondingly similar words in the Alabama language.",1.0,128,1773650425.729548,2026-03-16T09:40:25.729549,0.672764241695404,0.18333151936531067,mamba2-2.7b,2700000000,wiki,59,2
wiki: The suffix -ism denotes the ideological current that favours anarchy.,1.0,128,1773650431.703095,2026-03-16T09:40:31.703097,0.8027210831642151,0.1807641088962555,mamba2-2.7b,2700000000,wiki,60,3
wiki: Robert Paul Wolff believed that the tension between authority and autonomy would mean the state could never be legitimate.,1.3,128,1773650437.589862,2026-03-16T09:40:37.589864,0.42730170488357544,0.1777632236480713,mamba2-2.7b,2700000000,wiki,61,3
wiki: The Alabama Alcoholic Beverage Control Board controls the sale and distribution of alcoholic beverages in the state.,0.7,128,1773650443.48388,2026-03-16T09:40:43.483881,0.8518178462982178,0.14482179284095764,mamba2-2.7b,2700000000,wiki,62,3
"wiki: An estimated 60–80% of autistic people have motor signs that include poor muscle tone, poor motor planning, and toe walking;  deficits in motor coordination are pervasive across ASD and are greater in autism proper.",1.3,128,1773650449.386396,2026-03-16T09:40:49.386397,0.5832211375236511,0.20086826384067535,mamba2-2.7b,2700000000,wiki,63,3
fiction: Which property of a mineral can be determined just by looking at it? (Answer: A),1.0,128,1773650455.273956,2026-03-16T09:40:55.273958,0.5421462059020996,0.17346081137657166,mamba2-2.7b,2700000000,fiction,64,3
fiction: Which planet has the longest planetary year? (Answer: D),1.0,128,1773650461.1684449,2026-03-16T09:41:01.168447,0.6990710496902466,0.17671896517276764,mamba2-2.7b,2700000000,fiction,65,3
"wiki: The grouping of disorders, including PDD-NOS, autism, Asperger syndrome, Rett syndrome, and CDD, has been removed and replaced with the general term of Autism Spectrum Disorders.",1.3,128,1773650467.0626225,2026-03-16T09:41:07.062624,0.4402819871902466,0.21195410192012787,mamba2-2.7b,2700000000,wiki,66,3
fiction: What adaptation is necessary in intertidal ecosystems but not in reef ecosystems? (Answer: C),1.3,128,1773650472.9541085,2026-03-16T09:41:12.954111,0.3892017602920532,0.170249342918396,mamba2-2.7b,2700000000,fiction,67,3
"wiki: The scattering of radiation causes atmospheric cooling, whereas absorption can cause atmospheric warming.",1.0,128,1773650478.8346343,2026-03-16T09:41:18.834636,0.7596406936645508,0.1333225667476654,mamba2-2.7b,2700000000,wiki,68,3
"wiki: According to the 2012 U.S. News & World Report, Alabama had four tier one universities (University of Alabama, Auburn University, University of Alabama at Birmingham and University of Alabama in Huntsville).",0.7,128,1773650484.7123005,2026-03-16T09:41:24.712302,0.8911377787590027,0.14534737169742584,mamba2-2.7b,2700000000,wiki,69,3
"wiki: Of the parks and natural destinations, Alabama's Gulf Coast topped the list with 6,700,000 visitors.",1.0,128,1773650490.584418,2026-03-16T09:41:30.584420,0.778764009475708,0.15658444166183472,mamba2-2.7b,2700000000,wiki,70,3
"wiki: Among those who find work, most are employed in sheltered settings working for wages below the national minimum.",1.0,128,1773650496.4554765,2026-03-16T09:41:36.455478,0.7179441452026367,0.13784979283809662,mamba2-2.7b,2700000000,wiki,71,3
"code: Explain what this code does:
def function_22(x): return x * 2",1.0,58,1773650499.108182,2026-03-16T09:41:39.108184,0.8836725950241089,0.11918190121650696,mamba2-2.7b,2700000000,code,72,3
"wiki: Since a direct connection from I-22 to I-422 will not be possible, I-222 has been proposed, as well.",1.0,128,1773650504.9854605,2026-03-16T09:41:44.985462,0.7663800716400146,0.1305752396583557,mamba2-2.7b,2700000000,wiki,73,3
wiki: Anarchism appears in English from 1642 as anarchisme and anarchy from 1539; early English usages emphasised a sense of disorder.,1.3,128,1773650510.8781788,2026-03-16T09:41:50.878180,0.6941287517547607,0.1776684820652008,mamba2-2.7b,2700000000,wiki,74,3
wiki: The judiciary is responsible for interpreting the Constitution of Alabama and applying the law in state criminal and civil cases.,1.0,64,1773650513.8151932,2026-03-16T09:41:53.815194,0.8240147233009338,0.1270672082901001,mamba2-2.7b,2700000000,wiki,75,3
"wiki: With the anarchists being crushed in Russia, two new antithetical currents emerged, namely platformism and synthesis anarchism.",1.3,128,1773650519.7098558,2026-03-16T09:41:59.709857,0.48369449377059937,0.18974190950393677,mamba2-2.7b,2700000000,wiki,76,3
"wiki: Treatment approaches have little empirical support in quality-of-life contexts, and many programs focus on success measures that lack predictive validity and real-world relevance.",0.7,128,1773650525.6025198,2026-03-16T09:42:05.602521,0.820380449295044,0.18156996369361877,mamba2-2.7b,2700000000,wiki,77,3
"wiki: In the 2000s, the number of autistic people worldwide was estimated at 1–2 per 1,000 people.",0.7,128,1773650531.4902573,2026-03-16T09:42:11.490259,0.7762971520423889,0.12350078672170639,mamba2-2.7b,2700000000,wiki,78,3
news: What are you most looking forward to in your new role?,1.3,128,1773650537.353275,2026-03-16T09:42:17.353277,0.3563605546951294,0.2007458359003067,mamba2-2.7b,2700000000,news,79,3
wiki: Enlightenment challenges to intellectual authority (secular and religious) and the revolutions of the 1790s and 1848 all spurred the ideological development of what became the era of classical anarchism.,1.0,128,1773650543.3332005,2026-03-16T09:42:23.333202,0.7459845542907715,0.15617170929908752,mamba2-2.7b,2700000000,wiki,80,4
"wiki: Among these approaches, interventions either treat autistic features comprehensively, or focalize treatment on a specific area of deficit.",0.7,128,1773650549.2227352,2026-03-16T09:42:29.222736,0.7988187074661255,0.14524856209754944,mamba2-2.7b,2700000000,wiki,81,4
"news: This week marks the world premiere of Frame by Frame, The National Ballet of Canada's new full length ballet based on the life and work of innovative filmmaker Norman McLaren.",1.3,128,1773650555.122402,2026-03-16T09:42:35.122404,0.5704208612442017,0.1931256353855133,mamba2-2.7b,2700000000,news,82,4
"code: Explain what this code does:
def function_21(x): return x * 2",1.3,128,1773650561.0191593,2026-03-16T09:42:41.019161,0.5552260875701904,0.17566274106502533,mamba2-2.7b,2700000000,code,83,4
fiction: Cellular respiration results in the production of adenosine triphosphate (ATP) molecules for energy. The most efficient form of cellular respiration would result in the production of ATP along with which substances? (Answer: D),1.0,128,1773650566.928626,2026-03-16T09:42:46.928628,0.7483378648757935,0.16669589281082153,mamba2-2.7b,2700000000,fiction,84,4
"news: Although you might find systems with more features (and a more powerful configuration system), Trac is very simple to set up and use.",1.0,128,1773650572.824199,2026-03-16T09:42:52.824201,0.8138605356216431,0.1427285522222519,mamba2-2.7b,2700000000,news,85,4
"wiki: In most instances, the transmitted pulse is circularly polarized and the received pulse is measured in the same sense of polarization as the transmitted pulse (SC) and the opposite sense (OC).",1.0,128,1773650578.7173853,2026-03-16T09:42:58.717387,0.7439860105514526,0.13759727776050568,mamba2-2.7b,2700000000,wiki,86,4
news: We had our first workshop four years ago.,1.0,128,1773650584.5781407,2026-03-16T09:43:04.578142,0.7319557666778564,0.15275263786315918,mamba2-2.7b,2700000000,news,87,4
"wiki: Those free love movements contributed to the establishment of communal houses, where large groups of travelers, anarchists and other activists slept in beds together.",1.0,128,1773650590.4483848,2026-03-16T09:43:10.448387,0.7267273664474487,0.15905572474002838,mamba2-2.7b,2700000000,wiki,88,4
news: Log in with the user admin and the password you set when you created admin user earlier.,0.7,94,1773650594.7680647,2026-03-16T09:43:14.768066,0.7736235857009888,0.15847624838352203,mamba2-2.7b,2700000000,news,89,4
wiki: WPA Guide to Alabama (1939).,1.0,128,1773650600.666288,2026-03-16T09:43:20.666290,0.7614617347717285,0.1521957516670227,mamba2-2.7b,2700000000,wiki,90,4
"wiki: Many of these attacks were done by individual assailants and the majority took place in the late 1870s, the early 1880s and the 1890s, with some still occurring in the early 1900s.",0.7,80,1773650604.339907,2026-03-16T09:43:24.339908,0.7616564035415649,0.1692567616701126,mamba2-2.7b,2700000000,wiki,91,4
"code: Explain what this code does:
def function_59(x): return x * 2",1.3,128,1773650610.2318623,2026-03-16T09:43:30.231863,0.4894072413444519,0.14601391553878784,mamba2-2.7b,2700000000,code,92,4
news: Robert had just finished his documentary and has a really deep understanding of this kind of Canadian culture.,1.3,128,1773650616.1208305,2026-03-16T09:43:36.120832,0.4091643691062927,0.1561833918094635,mamba2-2.7b,2700000000,news,93,4
"wiki: This compared to more than 181,000 African Americans eligible to vote in 1900.",1.3,128,1773650622.030566,2026-03-16T09:43:42.030568,0.4710846543312073,0.18552255630493164,mamba2-2.7b,2700000000,wiki,94,4
wiki: The atypical antipsychotic drugs risperidone and aripiprazole are FDA-approved for treating associated aggressive and self-injurious behaviors.,1.3,128,1773650627.9207976,2026-03-16T09:43:47.920799,0.4630979001522064,0.2638564705848694,mamba2-2.7b,2700000000,wiki,95,4
"wiki: Interest in the anarchist movement developed alongside momentum in the anti-globalisation movement, whose leading activist networks were anarchist in orientation.",0.7,128,1773650633.8084078,2026-03-16T09:43:53.808410,0.7927015423774719,0.15077435970306396,mamba2-2.7b,2700000000,wiki,96,4
"news: The Royal Swedish Ballet in Alexander Ekman's ""Midsummer Night's Dream.""",1.0,48,1773650635.9998085,2026-03-16T09:43:55.999810,0.7332000136375427,0.13288626074790955,mamba2-2.7b,2700000000,news,97,4
fiction: Which of these is not an inherited trait in humans? (Answer: D),0.7,128,1773650641.902419,2026-03-16T09:44:01.902421,0.8110406398773193,0.16476383805274963,mamba2-2.7b,2700000000,fiction,98,4
"wiki: This can take the form of disrupting and protesting against unjust hierarchy, or the form of self-managing their lives through the creation of counter-institutions such as communes and non-hierarchical collectives.",1.0,128,1773650647.8001125,2026-03-16T09:44:07.800114,0.6490498781204224,0.19491295516490936,mamba2-2.7b,2700000000,wiki,99,4
"code: Explain what this code does:
def function_51(x): return x * 2",0.7,128,1773650653.7768395,2026-03-16T09:44:13.776841,0.8421662449836731,0.13359877467155457,mamba2-2.7b,2700000000,code,100,5
"fiction: A scientist put several different plants in a sealed container. Every hour, she checked the oxygen in the container to see if it changed. How did the oxygen in the container most likely change? (Answer: A)",1.3,128,1773650659.6743143,2026-03-16T09:44:19.674317,0.43643009662628174,0.19688323140144348,mamba2-2.7b,2700000000,fiction,101,5
"news: The team will be responsible for the day-to-day artistic needs of the company including scheduling, casting and conducting rehearsals.",0.7,128,1773650665.5516262,2026-03-16T09:44:25.551628,0.7600204348564148,0.1590908020734787,mamba2-2.7b,2700000000,news,102,5
"wiki: An important relationship between an object's astronomical (geometric) albedo, absolute magnitude and diameter is given by:  where  is the astronomical albedo,  is the diameter in kilometers, and  is the absolute magnitude.",1.0,128,1773650671.4499345,2026-03-16T09:44:31.449936,0.7202712297439575,0.12207603454589844,mamba2-2.7b,2700000000,wiki,103,5
fiction: Which of the following is an observation about grasshoppers that a science class could have made on their nature walk? (Answer: B),1.0,128,1773650677.3465755,2026-03-16T09:44:37.346577,0.7539082765579224,0.1698462963104248,mamba2-2.7b,2700000000,fiction,104,5
"wiki: Different types of clouds exhibit different reflectivity, theoretically ranging in albedo from a minimum of near 0 to a maximum approaching 0.8.",1.3,128,1773650683.217828,2026-03-16T09:44:43.217830,0.5245976448059082,0.2087201178073883,mamba2-2.7b,2700000000,wiki,105,5
news: Were you familiar with McLaren's work before this project?,0.7,128,1773650689.0781035,2026-03-16T09:44:49.078105,0.7751150131225586,0.1284860223531723,mamba2-2.7b,2700000000,news,106,5
"wiki: The three GOP lieutenant governors are Steve Windom (1999–2003), Kay Ivey (2011–2017), and Will Ainsworth (2019–present).",1.0,128,1773650694.953768,2026-03-16T09:44:54.953770,0.924859881401062,0.12059830874204636,mamba2-2.7b,2700000000,wiki,107,5
news: We had our first workshop four years ago.,1.3,128,1773650700.828843,2026-03-16T09:45:00.828844,0.38550662994384766,0.1708119809627533,mamba2-2.7b,2700000000,news,108,5
"code: Explain what this code does:
def function_2(x): return x * 2",1.3,128,1773650706.701948,2026-03-16T09:45:06.701949,0.6170523166656494,0.18850989639759064,mamba2-2.7b,2700000000,code,109,5
"news: Photo by Paul Kolnik, Courtesy New York City Ballet.",0.7,128,1773650712.5838797,2026-03-16T09:45:12.583881,0.7874789834022522,0.1445889174938202,mamba2-2.7b,2700000000,news,110,5
"code: Explain what this code does:
def function_92(x): return x * 2",1.0,128,1773650718.4513366,2026-03-16T09:45:18.451338,0.815315842628479,0.1275312453508377,mamba2-2.7b,2700000000,code,111,5
wiki: A long tradition of Spanish anarchism led to anarchists playing a pivotal role in the war.,0.7,128,1773650724.3266308,2026-03-16T09:45:24.326633,0.7579097747802734,0.15509149432182312,mamba2-2.7b,2700000000,wiki,112,5
"fiction: Two students are asked to make a chart on the electromagnetic spectrum. Reading left to right, one student's chart shows the spectrum from gamma rays to radio waves, while the other student's chart shows the opposite. If the teacher says that both charts are correct, then (Answer: B)",1.3,128,1773650730.226548,2026-03-16T09:45:30.226549,0.4642307162284851,0.20187334716320038,mamba2-2.7b,2700000000,fiction,113,5
"wiki: An important relationship between an object's astronomical (geometric) albedo, absolute magnitude and diameter is given by:  where  is the astronomical albedo,  is the diameter in kilometers, and  is the absolute magnitude.",1.3,128,1773650736.1386936,2026-03-16T09:45:36.138695,0.4411776661872864,0.20852045714855194,mamba2-2.7b,2700000000,wiki,114,5
wiki: The judiciary is responsible for interpreting the Constitution of Alabama and applying the law in state criminal and civil cases.,0.7,128,1773650742.0420718,2026-03-16T09:45:42.042073,0.8326184749603271,0.13813084363937378,mamba2-2.7b,2700000000,wiki,115,5
"news: The team will be responsible for the day-to-day artistic needs of the company including scheduling, casting and conducting rehearsals.",1.0,128,1773650747.95345,2026-03-16T09:45:47.953451,0.7700295448303223,0.1703048050403595,mamba2-2.7b,2700000000,news,116,5
"wiki: Alabama's constitution has been amended more than 700 times, and almost one-third of the amendments are local in nature, applying to only one county or city.",1.0,128,1773650753.863813,2026-03-16T09:45:53.863815,0.7152530550956726,0.14629195630550385,mamba2-2.7b,2700000000,wiki,117,5
"news: If I can't describe what I want with words, I have to show them.""",1.0,128,1773650759.7666125,2026-03-16T09:45:59.766614,0.7081143856048584,0.16881033778190613,mamba2-2.7b,2700000000,news,118,5
"news: It's part of my individuality,'"" he said.",1.3,128,1773650765.6395285,2026-03-16T09:46:05.639530,0.42638882994651794,0.1797812283039093,mamba2-2.7b,2700000000,news,119,5
wiki: This had caused decades of underinvestment in such areas.,0.7,128,1773650771.6200688,2026-03-16T09:46:11.620070,0.7066952586174011,0.1493733525276184,mamba2-2.7b,2700000000,wiki,120,6
"news: Data processing policies Companies need to do data process flow mapping to see what data is being collected, how it's being processed, and who is receiving processed copies, Rickard said.",0.7,21,1773650772.575171,2026-03-16T09:46:12.575172,0.6770003437995911,0.10468629747629166,mamba2-2.7b,2700000000,news,121,6
"code: Explain what this code does:
def function_62(x): return x * 2",1.0,79,1773650776.183345,2026-03-16T09:46:16.183348,0.730767548084259,0.16011865437030792,mamba2-2.7b,2700000000,code,122,6
"news: ""It's a kind of otherworldly dream,"" says Wheater.",1.3,128,1773650782.050057,2026-03-16T09:46:22.050059,0.3498729169368744,0.15361303091049194,mamba2-2.7b,2700000000,news,123,6
wiki: Automakers accounted for approximately a third of the industrial expansion in the state in 2012.,1.0,128,1773650787.926859,2026-03-16T09:46:27.926860,0.7628850936889648,0.13085173070430756,mamba2-2.7b,2700000000,wiki,124,6
"wiki: Just as fresh snow has a higher albedo than does dirty snow, the albedo of snow-covered sea ice is far higher than that of sea water.",1.3,128,1773650793.8099065,2026-03-16T09:46:33.809908,0.5367318391799927,0.21995578706264496,mamba2-2.7b,2700000000,wiki,125,6
wiki: Native American groups within the state had increasingly been demanding recognition as ethnic groups and seeking an end to discrimination.,1.3,128,1773650799.6838021,2026-03-16T09:46:39.683804,0.43019187450408936,0.15734295547008514,mamba2-2.7b,2700000000,wiki,126,6
"news: Trac can be used as a wiki, a project management system, and for tracking bugs in software development.",0.7,128,1773650805.559945,2026-03-16T09:46:45.559946,0.774503231048584,0.14129969477653503,mamba2-2.7b,2700000000,news,127,6
"wiki: Tactics  Anarchists' tactics take various forms but in general serve two major goals, namely to first oppose the Establishment and secondly to promote anarchist ethics and reflect an anarchist vision of society, illustrating the unity of means and ends.",1.3,128,1773650811.4733515,2026-03-16T09:46:51.473353,0.5916562080383301,0.18023239076137543,mamba2-2.7b,2700000000,wiki,128,6
wiki: Alabama ranks ninth in the number of deaths from lightning and tenth in the number of deaths from lightning strikes per capita.,1.0,128,1773650817.3858616,2026-03-16T09:46:57.385863,0.7150313854217529,0.14849421381950378,mamba2-2.7b,2700000000,wiki,129,6
"news: According to Fullington, Pavel Gerdt, the dancer who created the role, was likely too old to dance the variation himself.",0.7,128,1773650823.288212,2026-03-16T09:47:03.288213,0.7081713676452637,0.14566224813461304,mamba2-2.7b,2700000000,news,130,6
"wiki: Owen Thomas M. History of Alabama and Dictionary of Alabama Biography (4 vols, 1921).",1.3,128,1773650829.202694,2026-03-16T09:47:09.202695,0.4882107377052307,0.20337148010730743,mamba2-2.7b,2700000000,wiki,131,6
"code: Explain what this code does:
def function_59(x): return x * 2",1.0,1,1773650829.2595794,2026-03-16T09:47:09.259580,0.8254989385604858,,mamba2-2.7b,2700000000,code,132,6
"fiction: According to a pH scale, which pH would be the strongest acid? (Answer: A)",1.0,128,1773650835.161085,2026-03-16T09:47:15.161086,0.717415988445282,0.15106990933418274,mamba2-2.7b,2700000000,fiction,133,6
wiki: Some authors suggest that automatic motor assessment could be useful to screen the children with ASD for instance with behavioural motor and emotionals reactions during smartphone watching.,0.7,128,1773650841.0571418,2026-03-16T09:47:21.057143,0.7208553552627563,0.1621103286743164,mamba2-2.7b,2700000000,wiki,134,6
fiction: Which is a nonrenewable resource? (Answer: A),1.3,128,1773650846.9521775,2026-03-16T09:47:26.952180,0.37710320949554443,0.15316230058670044,mamba2-2.7b,2700000000,fiction,135,6
news: I want to walk you through the installation of one such tool: Trac.,1.0,128,1773650852.8587718,2026-03-16T09:47:32.858773,0.7651188969612122,0.13270068168640137,mamba2-2.7b,2700000000,news,136,6
"wiki: After bitter disputes, the Bakuninists were expelled from the International by the Marxists at the 1872 Hague Congress.",0.7,128,1773650858.7629263,2026-03-16T09:47:38.762928,0.8617035746574402,0.1470070481300354,mamba2-2.7b,2700000000,wiki,137,6
"code: Explain what this code does:
def function_4(x): return x * 2",1.0,128,1773650864.6732938,2026-03-16T09:47:44.673295,0.8798607587814331,0.11607657372951508,mamba2-2.7b,2700000000,code,138,6
news: Pei Yu learned Over Glow from Elo himself.,1.0,128,1773650870.5723748,2026-03-16T09:47:50.572376,0.6456360816955566,0.163752481341362,mamba2-2.7b,2700000000,news,139,6
"news: Over the next decade, the company toured the ballet extensively, exposing it to audiences nationwide.",1.3,128,1773650876.5468702,2026-03-16T09:47:56.546872,0.480620414018631,0.18812966346740723,mamba2-2.7b,2700000000,news,140,7
news: So I returned to the IP address and was presented with a login screen.,0.7,128,1773650882.4125829,2026-03-16T09:48:02.412584,0.7827746868133545,0.1106783002614975,mamba2-2.7b,2700000000,news,141,7
news: Log out and log back in with your new credentials.,0.7,128,1773650888.2777374,2026-03-16T09:48:08.277739,0.7688010334968567,0.1329347938299179,mamba2-2.7b,2700000000,news,142,7
"wiki: It has a seating capacity of 143,000 and is the thirteenth largest stadium in the world and sixth largest stadium in America.",1.0,128,1773650894.1704311,2026-03-16T09:48:14.170433,0.7122999429702759,0.14103366434574127,mamba2-2.7b,2700000000,wiki,143,7
"news: The Bolshoi Premiere of John Neumeier's Anna Karenina Last July Hamburg Ballet presented the world premiere of John Neumeier's Anna Karenina, a modern adaptation on Leo Tolstoy's famous novel.",1.0,128,1773650900.0855548,2026-03-16T09:48:20.085557,0.7620752453804016,0.16815754771232605,mamba2-2.7b,2700000000,news,144,7
"wiki: The three GOP lieutenant governors are Steve Windom (1999–2003), Kay Ivey (2011–2017), and Will Ainsworth (2019–present).",0.7,128,1773650905.9942143,2026-03-16T09:48:25.994216,0.8237060308456421,0.11040470004081726,mamba2-2.7b,2700000000,wiki,145,7
"news: Once again, the final screen links wouldn't work.",1.0,128,1773650911.89841,2026-03-16T09:48:31.898412,0.6233270764350891,0.147661030292511,mamba2-2.7b,2700000000,news,146,7
"code: Explain what this code does:
def function_61(x): return x * 2",1.0,6,1773650912.1730392,2026-03-16T09:48:32.173040,0.8760401606559753,0.09062479436397552,mamba2-2.7b,2700000000,code,147,7
"wiki: In China, small groups of students imported the humanistic pro-science version of anarcho-communism.",0.7,128,1773650918.0799446,2026-03-16T09:48:38.079946,0.7684742212295532,0.14206083118915558,mamba2-2.7b,2700000000,wiki,148,7
"wiki: Owen Thomas M. History of Alabama and Dictionary of Alabama Biography (4 vols, 1921).",0.7,47,1773650920.2362359,2026-03-16T09:48:40.236237,0.9151031374931335,0.1388050764799118,mamba2-2.7b,2700000000,wiki,149,7
"news: This time around the final screen appeared, the All set link didn't work.",1.3,128,1773650926.1483748,2026-03-16T09:48:46.148376,0.4581027030944824,0.18206442892551422,mamba2-2.7b,2700000000,news,150,7
"news: NBoC's new work, titled Frame by Frame, will run June 1-10 in Toronto.",0.7,128,1773650932.0596297,2026-03-16T09:48:52.059631,0.7572618722915649,0.1587647795677185,mamba2-2.7b,2700000000,news,151,7
"wiki: There are two intermediate appellate courts, the Court of Civil Appeals and the Court of Criminal Appeals, and four trial courts: the circuit court (trial court of general jurisdiction), and the district, probate, and municipal courts.",1.0,128,1773650937.9776108,2026-03-16T09:48:57.977612,0.6994568705558777,0.17279335856437683,mamba2-2.7b,2700000000,wiki,152,7
"wiki: Rail  For rail transport, Amtrak schedules the Crescent, a daily passenger train, running from New York to New Orleans with station stops at Anniston, Birmingham, and Tuscaloosa.",1.3,128,1773650943.8917212,2026-03-16T09:49:03.891722,0.4675319194793701,0.2363273799419403,mamba2-2.7b,2700000000,wiki,153,7
"wiki: Ritualistic behavior: Unvarying pattern of daily activities, such as an unchanging menu or a dressing ritual.",1.3,128,1773650949.8035822,2026-03-16T09:49:09.803584,0.42582494020462036,0.17359201610088348,mamba2-2.7b,2700000000,wiki,154,7
"code: Explain what this code does:
def function_64(x): return x * 2",1.0,128,1773650955.7082257,2026-03-16T09:49:15.708227,0.7927390933036804,0.1560273915529251,mamba2-2.7b,2700000000,code,155,7
"wiki: Ferrer's approach was secular, rejecting both state and church involvement in the educational process whilst giving pupils large amounts of autonomy in planning their work and attendance.",1.3,128,1773650961.5794773,2026-03-16T09:49:21.579479,0.3705650568008423,0.19846263527870178,mamba2-2.7b,2700000000,wiki,156,7
"news: I approached him about doing a different project a long time ago, and he said ""well, maybe that's not the correct project.""",1.3,128,1773650967.4513888,2026-03-16T09:49:27.451391,0.5084811449050903,0.21068522334098816,mamba2-2.7b,2700000000,news,157,7
fiction: How long does it take for Earth to rotate on its axis seven times? (Answer: B),0.7,128,1773650973.3235734,2026-03-16T09:49:33.323575,0.895338237285614,0.14616988599300385,mamba2-2.7b,2700000000,fiction,158,7
"news: Email policies IT should have an email policy in place that hardens systems and can detect spam and viruses, Rickard said.",1.0,128,1773650979.2154443,2026-03-16T09:49:39.215446,0.7446988821029663,0.15425634384155273,mamba2-2.7b,2700000000,news,159,7
"wiki: The record low of  occurred on January 30, 1966, in New Market.",1.3,128,1773650985.190573,2026-03-16T09:49:45.190574,0.6332928538322449,0.1959940493106842,mamba2-2.7b,2700000000,wiki,160,8
wiki: The current governor is Republican Kay Ivey.,1.0,128,1773650991.0671368,2026-03-16T09:49:51.067138,0.768132746219635,0.1455024778842926,mamba2-2.7b,2700000000,wiki,161,8
"wiki: Similar to other former slave states, Alabamian legislators employed Jim Crow laws to disenfranchise and discriminate against African Americans from the late 19th century up until the 1960s.",1.3,128,1773650996.9742763,2026-03-16T09:49:56.974278,0.3911615014076233,0.17511990666389465,mamba2-2.7b,2700000000,wiki,162,8
"wiki: 21st century  In 2001, Alabama Supreme Court chief justice Roy Moore installed a statue of the Ten Commandments in the capitol in Montgomery.",0.7,128,1773651002.8831122,2026-03-16T09:50:02.883113,0.7599478960037231,0.15714052319526672,mamba2-2.7b,2700000000,wiki,163,8
"code: Explain what this code does:
def function_76(x): return x * 2",1.0,35,1773651004.4817538,2026-03-16T09:50:04.481755,0.8636196255683899,0.11747676134109497,mamba2-2.7b,2700000000,code,164,8
news: The Canadian artist's many accolades include a 1952 Oscar for Best Documentary for his abstract short film Neighbours (watch the whole thing here).,1.3,128,1773651010.3862648,2026-03-16T09:50:10.386267,0.42172837257385254,0.2381519377231598,mamba2-2.7b,2700000000,news,165,8
"code: Explain what this code does:
def function_52(x): return x * 2",0.7,128,1773651016.2912843,2026-03-16T09:50:16.291286,0.8069609999656677,0.10960429161787033,mamba2-2.7b,2700000000,code,166,8
fiction: Why do areas in the middle of a large continent generally have more extreme differences in temperature than areas near the coastline? (Answer: D),0.7,128,1773651022.196445,2026-03-16T09:50:22.196446,0.7663459181785583,0.12078884243965149,mamba2-2.7b,2700000000,fiction,167,8
"news: ""People often have Post-it notes on monitors with passwords on them.""",1.0,80,1773651025.8729622,2026-03-16T09:50:25.872964,0.7167170643806458,0.17526529729366302,mamba2-2.7b,2700000000,news,168,8
"news: Although you might find systems with more features (and a more powerful configuration system), Trac is very simple to set up and use.",1.3,28,1773651027.1509063,2026-03-16T09:50:27.150907,0.7428593039512634,0.1331368237733841,mamba2-2.7b,2700000000,news,169,8
"news: The notes were incomplete and difficult to read, yet Sergeyev persisted, and The Nutcracker made it to the stage.",1.0,128,1773651033.0623446,2026-03-16T09:50:33.062346,0.6938142776489258,0.17952340841293335,mamba2-2.7b,2700000000,news,170,8
"wiki: The total effects were greater on the black community, as almost all its citizens were disfranchised and relegated to separate and unequal treatment under the law.",0.7,128,1773651038.9693236,2026-03-16T09:50:38.969326,0.7946188449859619,0.15146027505397797,mamba2-2.7b,2700000000,wiki,171,8
wiki: Anarchism and the state   Objection to the state and its institutions is a sine qua non of anarchism.,1.3,128,1773651044.8770432,2026-03-16T09:50:44.877045,0.457122802734375,0.20568042993545532,mamba2-2.7b,2700000000,wiki,172,8
wiki: The atypical antipsychotic drugs risperidone and aripiprazole are FDA-approved for treating associated aggressive and self-injurious behaviors.,0.7,128,1773651050.7874346,2026-03-16T09:50:50.787436,0.8731260299682617,0.14710380136966705,mamba2-2.7b,2700000000,wiki,173,8
"wiki: Media  Major newspapers include Birmingham News, Mobile Press-Register, and Montgomery Advertiser.",1.3,128,1773651056.685902,2026-03-16T09:50:56.685904,0.4877283275127411,0.22024311125278473,mamba2-2.7b,2700000000,wiki,174,8
fiction: Giant redwood trees change energy from one form to another. How is energy changed by the trees? (Answer: B),1.3,128,1773651062.59475,2026-03-16T09:51:02.594752,0.5128063559532166,0.20720113813877106,mamba2-2.7b,2700000000,fiction,175,8
wiki: A smooth metallic sphere would have .,1.3,128,1773651068.4889116,2026-03-16T09:51:08.488913,0.4063447415828705,0.18034957349300385,mamba2-2.7b,2700000000,wiki,176,8
"wiki: In response to their expulsion from the First International, anarchists formed the St. Imier International.",1.3,128,1773651074.3962243,2026-03-16T09:51:14.396225,0.41083917021751404,0.17556817829608917,mamba2-2.7b,2700000000,wiki,177,8
"code: Explain what this code does:
def function_77(x): return x * 2",0.7,128,1773651080.3063722,2026-03-16T09:51:20.306374,0.8024768829345703,0.11200490593910217,mamba2-2.7b,2700000000,code,178,8
"wiki: Ports The Port of Mobile, Alabama's only saltwater port, is a large seaport on the Gulf of Mexico with inland waterway access to the Midwest by way of the Tennessee–Tombigbee Waterway.",1.0,44,1773651082.319811,2026-03-16T09:51:22.319812,0.7891810536384583,0.13262178003787994,mamba2-2.7b,2700000000,wiki,179,8
"news: Hoffmann, a German writer, penned the eerie and dark tale ""Nutcracker and Mouse King"" in 1816.",0.7,128,1773651088.2982593,2026-03-16T09:51:28.298260,0.7497039437294006,0.15197034180164337,mamba2-2.7b,2700000000,news,180,9
fiction: Which of these do scientists offer as the most recent explanation as to why many plants and animals died out at the end of the Mesozoic era? (Answer: D),1.3,128,1773651094.1999974,2026-03-16T09:51:34.199999,0.38556107878685,0.1830505132675171,mamba2-2.7b,2700000000,fiction,181,9
"fiction: Hatchling sea turtles are typically dark in color. Occasionally, a sea turtle hatches that is almost white in color. When crawling from the nest on the beach to the ocean, this light-colored sea turtle could be at risk for sunburn. The light color of the turtles would most likely (Answer: C)",1.0,128,1773651100.1205978,2026-03-16T09:51:40.120600,0.7296965718269348,0.14921315014362335,mamba2-2.7b,2700000000,fiction,182,9
"news: Sun Jie, a coach and men's teacher at BDA since 2008, explains how introducing works from Western choreographers has broadened the overall abilities of Chinese ballet dancers.",0.7,128,1773651106.0414815,2026-03-16T09:51:46.041484,0.7337130904197693,0.1292593777179718,mamba2-2.7b,2700000000,news,183,9
wiki: Alabama receives an average of  of rainfall annually and enjoys a lengthy growing season of up to 300 days in the southern part of the state.,1.3,128,1773651111.9346716,2026-03-16T09:51:51.934673,0.3617855906486511,0.17012262344360352,mamba2-2.7b,2700000000,wiki,184,9
"wiki: Alabama English is predominantly Southern, and is related to South Midland speech which was taken across the border from Tennessee.",0.7,128,1773651117.810455,2026-03-16T09:51:57.810456,0.849443256855011,0.14657136797904968,mamba2-2.7b,2700000000,wiki,185,9
news: As I was getting older the company all of a sudden started to seem younger and younger.,1.3,128,1773651123.7247322,2026-03-16T09:52:03.724733,0.4171667695045471,0.19346998631954193,mamba2-2.7b,2700000000,news,186,9
"wiki: Many individuals with ASD show superior skills in perception and attention, relative to the general population.",1.3,128,1773651129.6445112,2026-03-16T09:52:09.644513,0.412244975566864,0.1965484768152237,mamba2-2.7b,2700000000,wiki,187,9
news: The Bay County Sheriff’s Office has arrested four men from Atlanta after they allegedly hired local transients to cash fraudulent checks for them using stolen personal information.,0.7,128,1773651135.5356936,2026-03-16T09:52:15.535695,0.7679130434989929,0.175392284989357,mamba2-2.7b,2700000000,news,188,9
wiki: A long tradition of Spanish anarchism led to anarchists playing a pivotal role in the war.,1.3,128,1773651141.4182992,2026-03-16T09:52:21.418301,0.4262908101081848,0.1612689048051834,mamba2-2.7b,2700000000,wiki,189,9
"wiki: In China, small groups of students imported the humanistic pro-science version of anarcho-communism.",1.0,128,1773651147.3051064,2026-03-16T09:52:27.305108,0.6949009299278259,0.15943856537342072,mamba2-2.7b,2700000000,wiki,190,9
"code: Explain what this code does:
def function_93(x): return x * 2",1.3,39,1773651149.0807652,2026-03-16T09:52:29.080767,0.686557412147522,0.12292163074016571,mamba2-2.7b,2700000000,code,191,9
"wiki: There was also a cursive style used for everyday or utilitarian writing, which was done on more perishable surfaces.",0.7,128,1773651154.9822786,2026-03-16T09:52:34.982281,0.7364474534988403,0.14242565631866455,mamba2-2.7b,2700000000,wiki,192,9
"news: Photo by Walter E. Owen, Courtesy Dance Magazine Archives.",1.0,128,1773651160.8647606,2026-03-16T09:52:40.864762,0.7055690288543701,0.15906374156475067,mamba2-2.7b,2700000000,news,193,9
fiction: Giant redwood trees change energy from one form to another. How is energy changed by the trees? (Answer: B),1.0,10,1773651161.319114,2026-03-16T09:52:41.319115,0.5825962424278259,0.15393024682998657,mamba2-2.7b,2700000000,fiction,194,9
"wiki: While medications have not been found to help with core symptoms, they may be used for associated symptoms, such as irritability, inattention, or repetitive behavior patterns.",1.3,128,1773651167.2055538,2026-03-16T09:52:47.205555,0.41623806953430176,0.18782362341880798,mamba2-2.7b,2700000000,wiki,195,9
"wiki: In the 2000s, the number of autistic people worldwide was estimated at 1–2 per 1,000 people.",1.3,128,1773651173.0846615,2026-03-16T09:52:53.084663,0.37700894474983215,0.18437018990516663,mamba2-2.7b,2700000000,wiki,196,9
fiction: A ship leaks a large amount of oil near a coastal area. Which statement describes how the oil most likely will affect the coastal habitat? (Answer: B),1.3,128,1773651178.9728372,2026-03-16T09:52:58.972838,0.46517637372016907,0.21749533712863922,mamba2-2.7b,2700000000,fiction,197,9
"wiki: Birmingham also serves as the headquarters for several large investment management companies, including Harbert Management Corporation.",1.3,128,1773651184.8619425,2026-03-16T09:53:04.861944,0.5806213617324829,0.1735314130783081,mamba2-2.7b,2700000000,wiki,198,9
"wiki: Anarchism has continued to generate many philosophies and movements, at times eclectic, drawing upon various sources and combining disparate concepts to create new philosophical approaches.",1.3,128,1773651190.7558615,2026-03-16T09:53:10.755863,0.4651868939399719,0.22143015265464783,mamba2-2.7b,2700000000,wiki,199,9
"fiction: Hatchling sea turtles are typically dark in color. Occasionally, a sea turtle hatches that is almost white in color. When crawling from the nest on the beach to the ocean, this light-colored sea turtle could be at risk for sunburn. The light color of the turtles would most likely (Answer: C)",0.7,128,1773651196.788737,2026-03-16T09:53:16.788739,0.7992517948150635,0.14309564232826233,mamba2-2.7b,2700000000,fiction,200,10
wiki: The Ceremonial Complex represents a major component of the religion of the Mississippian peoples; it is one of the primary means by which their religion is understood.,1.3,128,1773651202.678388,2026-03-16T09:53:22.678389,0.34546011686325073,0.15051724016666412,mamba2-2.7b,2700000000,wiki,201,10
fiction: A toothpaste commercial states that a brand of toothpaste has a higher concentration of fluoride than any other toothpaste available. The commercial is most likely inferring that the advertised toothpaste (Answer: C),1.3,128,1773651208.58196,2026-03-16T09:53:28.581961,0.5079203844070435,0.19136251509189606,mamba2-2.7b,2700000000,fiction,202,10
fiction: Which property of a mineral can be determined just by looking at it? (Answer: A),1.3,128,1773651214.4818368,2026-03-16T09:53:34.481838,0.4278614819049835,0.20002855360507965,mamba2-2.7b,2700000000,fiction,203,10
"code: Explain what this code does:
def function_7(x): return x * 2",0.7,128,1773651220.4016593,2026-03-16T09:53:40.401660,0.7808622121810913,0.11407620459794998,mamba2-2.7b,2700000000,code,204,10
"wiki: In Reynolds v. Sims (1964), the U.S. Supreme Court implemented the principle of ""one man, one vote"", ruling that congressional districts had to be reapportioned based on censuses (as the state already included in its constitution but had not implemented.)",1.0,128,1773651226.3370378,2026-03-16T09:53:46.337041,0.7359733581542969,0.16192175447940826,mamba2-2.7b,2700000000,wiki,205,10
"code: Explain what this code does:
def function_35(x): return x * 2",1.3,128,1773651232.2422962,2026-03-16T09:53:52.242298,0.42007365822792053,0.17501363158226013,mamba2-2.7b,2700000000,code,206,10
wiki: Variants also existed that were intermediate between the monumental and cursive styles.,1.0,128,1773651238.1510515,2026-03-16T09:53:58.151053,0.7282438278198242,0.15724602341651917,mamba2-2.7b,2700000000,wiki,207,10
"news: Some days you might not feel good about yourself, or things in your body might not be working well—every day is different.",1.0,128,1773651244.074771,2026-03-16T09:54:04.074773,0.8402367234230042,0.1586492508649826,mamba2-2.7b,2700000000,news,208,10
wiki: This line of arguments most often calls for political action within the system to reform it.,0.7,128,1773651250.0092194,2026-03-16T09:54:10.009221,0.8751426935195923,0.17553724348545074,mamba2-2.7b,2700000000,wiki,209,10
"news: Photo by Paul Kolnik, Courtesy NYCB.",1.0,128,1773651255.9334538,2026-03-16T09:54:15.933455,0.8100080490112305,0.18372748792171478,mamba2-2.7b,2700000000,news,210,10
"code: Explain what this code does:
def function_78(x): return x * 2",1.3,128,1773651261.8526976,2026-03-16T09:54:21.852699,0.44637101888656616,0.19935844838619232,mamba2-2.7b,2700000000,code,211,10
"wiki: Radar Albedos of Solar System Objects  The values reported for the Moon, Mercury, Mars, Venus, and Comet P/2005 JQ5 are derived from the total (OC+SC) radar albedo reported in those references.",0.7,128,1773651267.7866178,2026-03-16T09:54:27.786619,0.8237534761428833,0.15167219936847687,mamba2-2.7b,2700000000,wiki,212,10
"wiki: The state ranges in elevation from sea level at Mobile Bay to more than  in the northeast, to Mount Cheaha at .",1.3,26,1773651268.977884,2026-03-16T09:54:28.977886,0.7149617671966553,0.12303397804498672,mamba2-2.7b,2700000000,wiki,213,10
"news: Companies that fail to comply with GDPR will face a penalty of either 4% of their global revenue or €20 million, whichever is greater.",1.3,128,1773651274.8947515,2026-03-16T09:54:34.894753,0.41385775804519653,0.18782676756381989,mamba2-2.7b,2700000000,news,214,10
"wiki: Sample symptoms include lack of social or emotional reciprocity, stereotyped and repetitive use of language or idiosyncratic language, and persistent preoccupation with unusual objects.",1.3,128,1773651280.8224528,2026-03-16T09:54:40.822454,0.3339245915412903,0.17514583468437195,mamba2-2.7b,2700000000,wiki,215,10
"wiki: A defence of philosophical anarchism, stating that ""both kinds of 'anarchism' [i.e.",1.0,128,1773651286.7611752,2026-03-16T09:54:46.761177,0.7551566362380981,0.15574508905410767,mamba2-2.7b,2700000000,wiki,216,10
"wiki: Overall, contemporary anarchists are much less violent and militant than their ideological ancestors.",1.0,128,1773651292.6966033,2026-03-16T09:54:52.696605,0.7527607679367065,0.1629282534122467,mamba2-2.7b,2700000000,wiki,217,10
"code: Explain what this code does:
def function_69(x): return x * 2",0.7,128,1773651298.6059163,2026-03-16T09:54:58.605918,0.8631096482276917,0.12402446568012238,mamba2-2.7b,2700000000,code,218,10
"code: Explain what this code does:
def function_64(x): return x * 2",0.7,128,1773651304.520693,2026-03-16T09:55:04.520694,0.9333018660545349,0.10113362967967987,mamba2-2.7b,2700000000,code,219,10
fiction: How many times does Earth rotate on its axis in one day? (Answer: A),0.7,128,1773651310.5220208,2026-03-16T09:55:10.522022,0.8396961688995361,0.12705256044864655,mamba2-2.7b,2700000000,fiction,220,11
"code: Explain what this code does:
def function_97(x): return x * 2",1.0,11,1773651311.0250206,2026-03-16T09:55:11.025022,0.6941275596618652,0.13732482492923737,mamba2-2.7b,2700000000,code,221,11
wiki: The Marxist criticism of anarchism is that it has a utopian character because all individuals should have anarchist views and values.,1.3,128,1773651316.9116013,2026-03-16T09:55:16.911603,0.637052059173584,0.19749517738819122,mamba2-2.7b,2700000000,wiki,222,11
news: There's a surprising twist to Regina Willoughby's last season with Columbia City Ballet: It's also her 18-year-old daughter Melina's first season with the company.,0.7,128,1773651322.802625,2026-03-16T09:55:22.802626,0.749247670173645,0.160191610455513,mamba2-2.7b,2700000000,news,223,11
fiction: A plant that grows red flowers was crossed with the same kind of plant that grows white flowers. Their offspring grew pink flowers. Which best explains why the offspring grew pink flowers? (Answer: C),1.0,128,1773651328.6984756,2026-03-16T09:55:28.698477,0.7478297352790833,0.1460748165845871,mamba2-2.7b,2700000000,fiction,224,11
"code: Explain what this code does:
def function_26(x): return x * 2",0.7,128,1773651334.580592,2026-03-16T09:55:34.580593,0.9408209919929504,0.09692274034023285,mamba2-2.7b,2700000000,code,225,11
fiction: Data in tables may also be presented in graphs. Which type of data would best be displayed on a circle graph? (Answer: D),1.0,128,1773651340.4562619,2026-03-16T09:55:40.456264,0.791265606880188,0.1398874968290329,mamba2-2.7b,2700000000,fiction,226,11
"wiki: The Internet has helped autistic individuals bypass nonverbal cues and emotional sharing that they find difficult to deal with, and has given them a way to form online communities and work remotely.",1.3,128,1773651346.345186,2026-03-16T09:55:46.345195,0.3891119360923767,0.18016275763511658,mamba2-2.7b,2700000000,wiki,227,11
"wiki: The way these hacktivists work to develop and distribute resembles the anarchist ideals, especially when it comes to preserving users' privacy from state surveillance.",1.3,128,1773651352.2509391,2026-03-16T09:55:52.250941,0.4092617928981781,0.18787267804145813,mamba2-2.7b,2700000000,wiki,228,11
"code: Explain what this code does:
def function_59(x): return x * 2",0.7,128,1773651358.1737533,2026-03-16T09:55:58.173755,0.8724502921104431,0.12242671102285385,mamba2-2.7b,2700000000,code,229,11
"news: I've noticed it the most during dress rehearsals, particularly for Balanchine ballets.",1.0,128,1773651364.0902987,2026-03-16T09:56:04.090300,0.6648299098014832,0.11937455832958221,mamba2-2.7b,2700000000,news,230,11
"news: This time around the final screen appeared, the All set link didn't work.",1.0,128,1773651370.0027618,2026-03-16T09:56:10.002763,0.6922868490219116,0.16450192034244537,mamba2-2.7b,2700000000,news,231,11
"wiki: Individual symptoms of autism occur in the general population and appear not to associate highly, without a sharp line separating pathologically severe from common traits.",0.7,128,1773651375.919952,2026-03-16T09:56:15.919953,0.8227751851081848,0.16443230211734772,mamba2-2.7b,2700000000,wiki,232,11
"news: ""I'd say compliance right now is only at about 35% or 40% at the most,"" he said.",0.7,128,1773651381.8377542,2026-03-16T09:56:21.837756,0.7290765047073364,0.14621037244796753,mamba2-2.7b,2700000000,news,233,11
"news: After both of the above commands, you'll be prompted to type (and confirm) a password.",1.0,44,1773651383.8576796,2026-03-16T09:56:23.857681,0.7674658894538879,0.12794005870819092,mamba2-2.7b,2700000000,news,234,11
"wiki: The first community of adherents of the Baháʼí Faith in Alabama was founded in 1896 by Paul K. Dealy, who moved from Chicago to Fairhope.",1.3,128,1773651389.7796123,2026-03-16T09:56:29.779614,0.44709110260009766,0.18073968589305878,mamba2-2.7b,2700000000,wiki,235,11
"wiki: A differential diagnosis for ASD at this stage might also consider intellectual disability, hearing impairment, and a specific language impairment such as Landau–Kleffner syndrome.",1.3,128,1773651395.6927862,2026-03-16T09:56:35.692788,0.4414966106414795,0.20257648825645447,mamba2-2.7b,2700000000,wiki,236,11
wiki: Collectivist anarchism is a revolutionary socialist form of anarchism commonly associated with Mikhail Bakunin.,0.7,128,1773651401.6145384,2026-03-16T09:56:41.614540,0.8046120405197144,0.15001076459884644,mamba2-2.7b,2700000000,wiki,237,11
"wiki: Authority ultimately rests solely on power, regardless of whether that power is open or transparent, as it still has the ability to coerce people.",1.3,128,1773651407.5420706,2026-03-16T09:56:47.542072,0.4068780541419983,0.15237663686275482,mamba2-2.7b,2700000000,wiki,238,11
"wiki: A total of 387 schools, seven teachers' houses, and several vocational buildings were completed by 1937 in the state.",1.0,128,1773651413.4661593,2026-03-16T09:56:53.466162,0.6484135389328003,0.16114985942840576,mamba2-2.7b,2700000000,wiki,239,11
"news: One thing to note: If you need more users, you'll create them from the command line (in similar fashion as you did above).",1.3,128,1773651419.7237206,2026-03-16T09:56:59.723722,0.4595833718776703,0.2022252231836319,mamba2-2.7b,2700000000,news,240,12
"wiki: As it appeals to both emotion and reason, art could appeal to the whole human and have a powerful effect.",0.7,128,1773651425.7824154,2026-03-16T09:57:05.782417,0.7825496196746826,0.1371193528175354,mamba2-2.7b,2700000000,wiki,241,12
"wiki: A. John Simmons and Leslie Green, who leaned toward philosophical anarchism, believed that the state could be legitimate if it is governed by consensus, although they saw this as highly unlikely.",1.3,128,1773651431.8221233,2026-03-16T09:57:11.822125,0.3675931692123413,0.19806373119354248,mamba2-2.7b,2700000000,wiki,242,12
"wiki: In Reynolds v. Sims (1964), the U.S. Supreme Court implemented the principle of ""one man, one vote"", ruling that congressional districts had to be reapportioned based on censuses (as the state already included in its constitution but had not implemented.)",0.7,128,1773651437.8147917,2026-03-16T09:57:17.814793,0.9738791584968567,0.07958716154098511,mamba2-2.7b,2700000000,wiki,243,12
"wiki: A 2018 review concluded that it may be a therapeutic option for specific groups of children with autism, such as those with known food intolerances or allergies, or with food intolerance markers.",0.7,128,1773651443.8583698,2026-03-16T09:57:23.858372,0.7701842784881592,0.14488840103149414,mamba2-2.7b,2700000000,wiki,244,12
"wiki: Typically, autism cannot be traced to a Mendelian (single-gene) mutation or to a single chromosome abnormality, and none of the genetic syndromes associated with ASDs have been shown to selectively cause ASD.",1.0,128,1773651449.8996036,2026-03-16T09:57:29.899605,0.7697466611862183,0.15242968499660492,mamba2-2.7b,2700000000,wiki,245,12
"wiki: The way these hacktivists work to develop and distribute resembles the anarchist ideals, especially when it comes to preserving users' privacy from state surveillance.",1.0,128,1773651455.9449134,2026-03-16T09:57:35.944915,0.7263822555541992,0.14781799912452698,mamba2-2.7b,2700000000,wiki,246,12
